{
    "setting": {
        "compileHotReLoad": true,
        "urlCheck": false
    },
    "condition": {
        "miniprogram": {
            "list": [
                {
                    "name": "db guide",
                    "pathName": "pages/admin/admin",
                    "query": "",
                    "launchMode": "default",
                    "scene": null,
                    "partialCompile": {
                        "enabled": true,
                        "pages": []
                    }
                },
                {
                    "name": "点单页面",
                    "pathName": "pages/index/index",
                    "query": "TABLE_NUM=1%E5%8F%B7%E6%A1%8C",
                    "launchMode": "default",
                    "scene": null
                },
                {
                    "name": "pages/deployService/index",
                    "pathName": "pages/deployService/index",
                    "query": "",
                    "scene": null
                },
                {
                    "name": "pages/selectRecord/index",
                    "pathName": "pages/selectRecord/index",
                    "query": "",
                    "scene": null
                },
                {
                    "name": "pages/sumRecordResult/index",
                    "pathName": "pages/sumRecordResult/index",
                    "query": "",
                    "scene": null
                },
                {
                    "name": "pages/updateRecord/index",
                    "pathName": "pages/updateRecord/index",
                    "query": "",
                    "scene": null
                },
                {
                    "name": "pages/updateRecordResult/index",
                    "pathName": "pages/updateRecordResult/index",
                    "query": "",
                    "scene": null
                },
                {
                    "name": "pages/updateRecordSuccess/index",
                    "pathName": "pages/updateRecordSuccess/index",
                    "query": "",
                    "scene": null
                },
                {
                    "name": "",
                    "pathName": "pages/accounts/accounts",
                    "query": "cartList=%5B%7B%22name%22%3A%22%E6%9D%A8%E6%9E%9D%E7%94%98%E9%9C%B2%22%2C%22price%22%3A%2212%22%2C%22goodsNum%22%3A1%2C%22detail%22%3A%7B%22size%22%3A%22%E4%B8%AD%22%2C%22sweet%22%3A%22%E5%BE%AE%E7%B3%96%22%2C%22temperature%22%3A%22%E5%86%B0%22%7D%7D%5D",
                    "launchMode": "default",
                    "scene": null
                }
            ]
        }
    },
    "projectname": "project-one",
    "description": "项目私有配置文件。此文件中的内容将覆盖 project.config.json 中的相同字段。项目的改动优先同步到此文件中。详见文档：https://developers.weixin.qq.com/miniprogram/dev/devtools/projectconfig.html"
}